CITY,TIMEZONE,YEAR,STR_SWH,STR_EWH,STR_TOTAL_WORKINDARK
ANTALYA,  2.0,2024,07:00:00,16:00:00,5:40:59  
ANTALYA,  2.0,2025,07:00:00,16:00:00,5:31:59  
ANTALYA,  2.0,2026,07:00:00,16:00:00,5:32:59  
ANTALYA,  2.0,2024,07:30:00,16:30:00,0:00:00  
ANTALYA,  2.0,2025,07:30:00,16:30:00,0:00:00  
ANTALYA,  2.0,2026,07:30:00,16:30:00,0:00:00  
ANTALYA,  2.0,2024,08:00:00,17:00:00,15:51:00 
ANTALYA,  2.0,2025,08:00:00,17:00:00,15:46:00 
ANTALYA,  2.0,2026,08:00:00,17:00:00,15:49:00 
ANTALYA,  2.0,2024,08:30:00,17:30:00,65:36:00 
ANTALYA,  2.0,2025,08:30:00,17:30:00,65:03:00 
ANTALYA,  2.0,2026,08:30:00,17:30:00,65:03:00 
ANTALYA,  2.0,2024,09:00:00,18:00:00,140:15:00
ANTALYA,  2.0,2025,09:00:00,18:00:00,139:24:00
ANTALYA,  2.0,2026,09:00:00,18:00:00,139:18:00
ANTALYA,  2.5,2024,07:00:00,16:00:00,46:49:59 
ANTALYA,  2.5,2025,07:00:00,16:00:00,46:18:59 
ANTALYA,  2.5,2026,07:00:00,16:00:00,46:18:59 
ANTALYA,  2.5,2024,07:30:00,16:30:00,5:40:59  
ANTALYA,  2.5,2025,07:30:00,16:30:00,5:31:59  
ANTALYA,  2.5,2026,07:30:00,16:30:00,5:32:59  
ANTALYA,  2.5,2024,08:00:00,17:00:00,0:00:00  
ANTALYA,  2.5,2025,08:00:00,17:00:00,0:00:00  
ANTALYA,  2.5,2026,08:00:00,17:00:00,0:00:00  
ANTALYA,  2.5,2024,08:30:00,17:30:00,15:51:00 
ANTALYA,  2.5,2025,08:30:00,17:30:00,15:46:00 
ANTALYA,  2.5,2026,08:30:00,17:30:00,15:49:00 
ANTALYA,  2.5,2024,09:00:00,18:00:00,65:36:00 
ANTALYA,  2.5,2025,09:00:00,18:00:00,65:03:00 
ANTALYA,  2.5,2026,09:00:00,18:00:00,65:03:00 
ANTALYA,  3.0,2024,07:00:00,16:00:00,114:44:00
ANTALYA,  3.0,2025,07:00:00,16:00:00,113:34:00
ANTALYA,  3.0,2026,07:00:00,16:00:00,113:34:00
ANTALYA,  3.0,2024,07:30:00,16:30:00,46:50:00 
ANTALYA,  3.0,2025,07:30:00,16:30:00,46:19:00 
ANTALYA,  3.0,2026,07:30:00,16:30:00,46:19:00 
ANTALYA,  3.0,2024,08:00:00,17:00:00,5:41:00  
ANTALYA,  3.0,2025,08:00:00,17:00:00,5:32:00  
ANTALYA,  3.0,2026,08:00:00,17:00:00,5:33:00  
ANTALYA,  3.0,2024,08:30:00,17:30:00,0:00:00  
ANTALYA,  3.0,2025,08:30:00,17:30:00,0:00:00  
ANTALYA,  3.0,2026,08:30:00,17:30:00,0:00:00  
ANTALYA,  3.0,2024,09:00:00,18:00:00,15:51:00 
ANTALYA,  3.0,2025,09:00:00,18:00:00,15:46:00 
ANTALYA,  3.0,2026,09:00:00,18:00:00,15:49:00 
IGDIR,  2.0,2024,07:00:00,16:00:00,17:20:00 
IGDIR,  2.0,2025,07:00:00,16:00:00,17:07:00 
IGDIR,  2.0,2026,07:00:00,16:00:00,17:07:00 
IGDIR,  2.0,2024,07:30:00,16:30:00,65:53:59 
IGDIR,  2.0,2025,07:30:00,16:30:00,65:10:00 
IGDIR,  2.0,2026,07:30:00,16:30:00,65:10:00 
IGDIR,  2.0,2024,08:00:00,17:00:00,137:10:00
IGDIR,  2.0,2025,08:00:00,17:00:00,135:55:00
IGDIR,  2.0,2026,08:00:00,17:00:00,135:56:00
IGDIR,  2.0,2024,08:30:00,17:30:00,231:27:00
IGDIR,  2.0,2025,08:30:00,17:30:00,229:41:00
IGDIR,  2.0,2026,08:30:00,17:30:00,229:41:00
IGDIR,  2.0,2024,09:00:00,18:00:00,350:07:00
IGDIR,  2.0,2025,09:00:00,18:00:00,347:46:00
IGDIR,  2.0,2026,09:00:00,18:00:00,347:38:00
IGDIR,  2.5,2024,07:00:00,16:00:00,0:00:00  
IGDIR,  2.5,2025,07:00:00,16:00:00,0:00:00  
IGDIR,  2.5,2026,07:00:00,16:00:00,0:00:00  
IGDIR,  2.5,2024,07:30:00,16:30:00,17:20:00 
IGDIR,  2.5,2025,07:30:00,16:30:00,17:07:00 
IGDIR,  2.5,2026,07:30:00,16:30:00,17:07:00 
IGDIR,  2.5,2024,08:00:00,17:00:00,65:54:00 
IGDIR,  2.5,2025,08:00:00,17:00:00,65:10:00 
IGDIR,  2.5,2026,08:00:00,17:00:00,65:10:00 
IGDIR,  2.5,2024,08:30:00,17:30:00,137:10:00
IGDIR,  2.5,2025,08:30:00,17:30:00,135:55:00
IGDIR,  2.5,2026,08:30:00,17:30:00,135:56:00
IGDIR,  2.5,2024,09:00:00,18:00:00,231:27:00
IGDIR,  2.5,2025,09:00:00,18:00:00,229:41:00
IGDIR,  2.5,2026,09:00:00,18:00:00,229:41:00
IGDIR,  3.0,2024,07:00:00,16:00:00,21:47:59 
IGDIR,  3.0,2025,07:00:00,16:00:00,21:20:59 
IGDIR,  3.0,2026,07:00:00,16:00:00,21:15:59 
IGDIR,  3.0,2024,07:30:00,16:30:00,0:00:00  
IGDIR,  3.0,2025,07:30:00,16:30:00,0:00:00  
IGDIR,  3.0,2026,07:30:00,16:30:00,0:00:00  
IGDIR,  3.0,2024,08:00:00,17:00:00,17:20:00 
IGDIR,  3.0,2025,08:00:00,17:00:00,17:07:00 
IGDIR,  3.0,2026,08:00:00,17:00:00,17:07:00 
IGDIR,  3.0,2024,08:30:00,17:30:00,65:54:00 
IGDIR,  3.0,2025,08:30:00,17:30:00,65:10:00 
IGDIR,  3.0,2026,08:30:00,17:30:00,65:10:00 
IGDIR,  3.0,2024,09:00:00,18:00:00,137:10:00
IGDIR,  3.0,2025,09:00:00,18:00:00,135:55:00
IGDIR,  3.0,2026,09:00:00,18:00:00,135:56:00
AYDIN,  2.0,2024,07:00:00,16:00:00,20:55:00 
AYDIN,  2.0,2025,07:00:00,16:00:00,20:36:00 
AYDIN,  2.0,2026,07:00:00,16:00:00,20:33:00 
AYDIN,  2.0,2024,07:30:00,16:30:00,0:00:00  
AYDIN,  2.0,2025,07:30:00,16:30:00,0:00:00  
AYDIN,  2.0,2026,07:30:00,16:30:00,0:00:00  
AYDIN,  2.0,2024,08:00:00,17:00:00,6:24:59  
AYDIN,  2.0,2025,08:00:00,17:00:00,6:23:59  
AYDIN,  2.0,2026,08:00:00,17:00:00,6:24:59  
AYDIN,  2.0,2024,08:30:00,17:30:00,47:24:59 
AYDIN,  2.0,2025,08:30:00,17:30:00,46:59:59 
AYDIN,  2.0,2026,08:30:00,17:30:00,47:02:59 
AYDIN,  2.0,2024,09:00:00,18:00:00,113:28:59
AYDIN,  2.0,2025,09:00:00,18:00:00,112:29:59
AYDIN,  2.0,2026,09:00:00,18:00:00,112:34:59
AYDIN,  2.5,2024,07:00:00,16:00:00,73:59:00 
AYDIN,  2.5,2025,07:00:00,16:00:00,73:07:00 
AYDIN,  2.5,2026,07:00:00,16:00:00,73:00:00 
AYDIN,  2.5,2024,07:30:00,16:30:00,20:55:00 
AYDIN,  2.5,2025,07:30:00,16:30:00,20:36:00 
AYDIN,  2.5,2026,07:30:00,16:30:00,20:33:00 
AYDIN,  2.5,2024,08:00:00,17:00:00,0:00:00  
AYDIN,  2.5,2025,08:00:00,17:00:00,0:00:00  
AYDIN,  2.5,2026,08:00:00,17:00:00,0:00:00  
AYDIN,  2.5,2024,08:30:00,17:30:00,6:24:59  
AYDIN,  2.5,2025,08:30:00,17:30:00,6:23:59  
AYDIN,  2.5,2026,08:30:00,17:30:00,6:24:59  
AYDIN,  2.5,2024,09:00:00,18:00:00,47:24:59 
AYDIN,  2.5,2025,09:00:00,18:00:00,46:59:59 
AYDIN,  2.5,2026,09:00:00,18:00:00,47:02:59 
AYDIN,  3.0,2024,07:00:00,16:00:00,152:11:59
AYDIN,  3.0,2025,07:00:00,16:00:00,150:49:59
AYDIN,  3.0,2026,07:00:00,16:00:00,150:47:59
AYDIN,  3.0,2024,07:30:00,16:30:00,73:58:59 
AYDIN,  3.0,2025,07:30:00,16:30:00,73:06:59 
AYDIN,  3.0,2026,07:30:00,16:30:00,72:59:59 
AYDIN,  3.0,2024,08:00:00,17:00:00,20:54:59 
AYDIN,  3.0,2025,08:00:00,17:00:00,20:35:59 
AYDIN,  3.0,2026,08:00:00,17:00:00,20:32:59 
AYDIN,  3.0,2024,08:30:00,17:30:00,0:00:00  
AYDIN,  3.0,2025,08:30:00,17:30:00,0:00:00  
AYDIN,  3.0,2026,08:30:00,17:30:00,0:00:00  
AYDIN,  3.0,2024,09:00:00,18:00:00,6:24:59  
AYDIN,  3.0,2025,09:00:00,18:00:00,6:23:59  
AYDIN,  3.0,2026,09:00:00,18:00:00,6:24:59  
IZMIR,  2.0,2024,07:00:00,16:00:00,26:48:59 
IZMIR,  2.0,2025,07:00:00,16:00:00,26:26:59 
IZMIR,  2.0,2026,07:00:00,16:00:00,26:31:59 
IZMIR,  2.0,2024,07:30:00,16:30:00,0:00:00  
IZMIR,  2.0,2025,07:30:00,16:30:00,0:00:00  
IZMIR,  2.0,2026,07:30:00,16:30:00,0:00:00  
IZMIR,  2.0,2024,08:00:00,17:00:00,5:21:59  
IZMIR,  2.0,2025,08:00:00,17:00:00,5:21:59  
IZMIR,  2.0,2026,08:00:00,17:00:00,5:18:59  
IZMIR,  2.0,2024,08:30:00,17:30:00,44:57:59 
IZMIR,  2.0,2025,08:30:00,17:30:00,44:21:59 
IZMIR,  2.0,2026,08:30:00,17:30:00,44:22:59 
IZMIR,  2.0,2024,09:00:00,18:00:00,109:15:59
IZMIR,  2.0,2025,09:00:00,18:00:00,108:07:59
IZMIR,  2.0,2026,09:00:00,18:00:00,108:10:59
IZMIR,  2.5,2024,07:00:00,16:00:00,82:58:59 
IZMIR,  2.5,2025,07:00:00,16:00:00,82:05:59 
IZMIR,  2.5,2026,07:00:00,16:00:00,82:11:59 
IZMIR,  2.5,2024,07:30:00,16:30:00,26:48:59 
IZMIR,  2.5,2025,07:30:00,16:30:00,26:26:59 
IZMIR,  2.5,2026,07:30:00,16:30:00,26:31:59 
IZMIR,  2.5,2024,08:00:00,17:00:00,0:00:00  
IZMIR,  2.5,2025,08:00:00,17:00:00,0:00:00  
IZMIR,  2.5,2026,08:00:00,17:00:00,0:00:00  
IZMIR,  2.5,2024,08:30:00,17:30:00,5:21:59  
IZMIR,  2.5,2025,08:30:00,17:30:00,5:21:59  
IZMIR,  2.5,2026,08:30:00,17:30:00,5:18:59  
IZMIR,  2.5,2024,09:00:00,18:00:00,44:57:59 
IZMIR,  2.5,2025,09:00:00,18:00:00,44:21:59 
IZMIR,  2.5,2026,09:00:00,18:00:00,44:22:59 
IZMIR,  3.0,2024,07:00:00,16:00:00,163:55:59
IZMIR,  3.0,2025,07:00:00,16:00:00,162:35:59
IZMIR,  3.0,2026,07:00:00,16:00:00,162:38:59
IZMIR,  3.0,2024,07:30:00,16:30:00,82:58:59 
IZMIR,  3.0,2025,07:30:00,16:30:00,82:05:59 
IZMIR,  3.0,2026,07:30:00,16:30:00,82:11:59 
IZMIR,  3.0,2024,08:00:00,17:00:00,26:48:59 
IZMIR,  3.0,2025,08:00:00,17:00:00,26:26:59 
IZMIR,  3.0,2026,08:00:00,17:00:00,26:31:59 
IZMIR,  3.0,2024,08:30:00,17:30:00,0:00:00  
IZMIR,  3.0,2025,08:30:00,17:30:00,0:00:00  
IZMIR,  3.0,2026,08:30:00,17:30:00,0:00:00  
IZMIR,  3.0,2024,09:00:00,18:00:00,5:21:59  
IZMIR,  3.0,2025,09:00:00,18:00:00,5:21:59  
IZMIR,  3.0,2026,09:00:00,18:00:00,5:18:59  
ANKARA,  2.0,2024,07:00:00,16:00:00,5:22:00  
ANKARA,  2.0,2025,07:00:00,16:00:00,5:12:59  
ANKARA,  2.0,2026,07:00:00,16:00:00,5:11:00  
ANKARA,  2.0,2024,07:30:00,16:30:00,3:08:00  
ANKARA,  2.0,2025,07:30:00,16:30:00,3:11:00  
ANKARA,  2.0,2026,07:30:00,16:30:00,3:11:00  
ANKARA,  2.0,2024,08:00:00,17:00:00,39:03:00 
ANKARA,  2.0,2025,08:00:00,17:00:00,38:35:00 
ANKARA,  2.0,2026,08:00:00,17:00:00,38:41:00 
ANKARA,  2.0,2024,08:30:00,17:30:00,99:19:00 
ANKARA,  2.0,2025,08:30:00,17:30:00,98:21:00 
ANKARA,  2.0,2026,08:30:00,17:30:00,98:27:00 
ANKARA,  2.0,2024,09:00:00,18:00:00,182:07:00
ANKARA,  2.0,2025,09:00:00,18:00:00,180:42:00
ANKARA,  2.0,2026,09:00:00,18:00:00,180:46:00
ANKARA,  2.5,2024,07:00:00,16:00:00,44:17:59 
ANKARA,  2.5,2025,07:00:00,16:00:00,43:41:59 
ANKARA,  2.5,2026,07:00:00,16:00:00,43:42:59 
ANKARA,  2.5,2024,07:30:00,16:30:00,5:21:59  
ANKARA,  2.5,2025,07:30:00,16:30:00,5:12:59  
ANKARA,  2.5,2026,07:30:00,16:30:00,5:10:59  
ANKARA,  2.5,2024,08:00:00,17:00:00,3:08:00  
ANKARA,  2.5,2025,08:00:00,17:00:00,3:11:00  
ANKARA,  2.5,2026,08:00:00,17:00:00,3:11:00  
ANKARA,  2.5,2024,08:30:00,17:30:00,39:03:00 
ANKARA,  2.5,2025,08:30:00,17:30:00,38:35:00 
ANKARA,  2.5,2026,08:30:00,17:30:00,38:41:00 
ANKARA,  2.5,2024,09:00:00,18:00:00,99:19:00 
ANKARA,  2.5,2025,09:00:00,18:00:00,98:21:00 
ANKARA,  2.5,2026,09:00:00,18:00:00,98:27:00 
ANKARA,  3.0,2024,07:00:00,16:00:00,107:48:00
ANKARA,  3.0,2025,07:00:00,16:00:00,106:41:00
ANKARA,  3.0,2026,07:00:00,16:00:00,106:40:00
ANKARA,  3.0,2024,07:30:00,16:30:00,44:18:00 
ANKARA,  3.0,2025,07:30:00,16:30:00,43:42:00 
ANKARA,  3.0,2026,07:30:00,16:30:00,43:43:00 
ANKARA,  3.0,2024,08:00:00,17:00:00,5:22:00  
ANKARA,  3.0,2025,08:00:00,17:00:00,5:13:00  
ANKARA,  3.0,2026,08:00:00,17:00:00,5:11:00  
ANKARA,  3.0,2024,08:30:00,17:30:00,3:08:00  
ANKARA,  3.0,2025,08:30:00,17:30:00,3:11:00  
ANKARA,  3.0,2026,08:30:00,17:30:00,3:11:00  
ANKARA,  3.0,2024,09:00:00,18:00:00,39:03:00 
ANKARA,  3.0,2025,09:00:00,18:00:00,38:35:00 
ANKARA,  3.0,2026,09:00:00,18:00:00,38:41:00 
SINOP,  2.0,2024,07:00:00,16:00:00,3:09:00  
SINOP,  2.0,2025,07:00:00,16:00:00,3:04:00  
SINOP,  2.0,2026,07:00:00,16:00:00,3:01:00  
SINOP,  2.0,2024,07:30:00,16:30:00,17:48:00 
SINOP,  2.0,2025,07:30:00,16:30:00,17:35:00 
SINOP,  2.0,2026,07:30:00,16:30:00,17:33:00 
SINOP,  2.0,2024,08:00:00,17:00:00,65:12:00 
SINOP,  2.0,2025,08:00:00,17:00:00,64:30:00 
SINOP,  2.0,2026,08:00:00,17:00:00,64:27:00 
SINOP,  2.0,2024,08:30:00,17:30:00,133:52:00
SINOP,  2.0,2025,08:30:00,17:30:00,132:41:00
SINOP,  2.0,2026,08:30:00,17:30:00,132:39:59
SINOP,  2.0,2024,09:00:00,18:00:00,223:44:00
SINOP,  2.0,2025,09:00:00,18:00:00,222:03:00
SINOP,  2.0,2026,09:00:00,18:00:00,222:03:59
SINOP,  2.5,2024,07:00:00,16:00:00,38:15:00 
SINOP,  2.5,2025,07:00:00,16:00:00,37:37:00 
SINOP,  2.5,2026,07:00:00,16:00:00,37:36:00 
SINOP,  2.5,2024,07:30:00,16:30:00,3:09:00  
SINOP,  2.5,2025,07:30:00,16:30:00,3:04:00  
SINOP,  2.5,2026,07:30:00,16:30:00,3:01:00  
SINOP,  2.5,2024,08:00:00,17:00:00,17:48:00 
SINOP,  2.5,2025,08:00:00,17:00:00,17:35:00 
SINOP,  2.5,2026,08:00:00,17:00:00,17:33:00 
SINOP,  2.5,2024,08:30:00,17:30:00,65:12:00 
SINOP,  2.5,2025,08:30:00,17:30:00,64:30:00 
SINOP,  2.5,2026,08:30:00,17:30:00,64:27:00 
SINOP,  2.5,2024,09:00:00,18:00:00,133:52:00
SINOP,  2.5,2025,09:00:00,18:00:00,132:41:00
SINOP,  2.5,2026,09:00:00,18:00:00,132:39:59
SINOP,  3.0,2024,07:00:00,16:00:00,97:00:00 
SINOP,  3.0,2025,07:00:00,16:00:00,95:51:00 
SINOP,  3.0,2026,07:00:00,16:00:00,95:50:00 
SINOP,  3.0,2024,07:30:00,16:30:00,38:15:00 
SINOP,  3.0,2025,07:30:00,16:30:00,37:37:00 
SINOP,  3.0,2026,07:30:00,16:30:00,37:36:00 
SINOP,  3.0,2024,08:00:00,17:00:00,3:09:00  
SINOP,  3.0,2025,08:00:00,17:00:00,3:04:00  
SINOP,  3.0,2026,08:00:00,17:00:00,3:01:00  
SINOP,  3.0,2024,08:30:00,17:30:00,17:48:00 
SINOP,  3.0,2025,08:30:00,17:30:00,17:35:00 
SINOP,  3.0,2026,08:30:00,17:30:00,17:33:00 
SINOP,  3.0,2024,09:00:00,18:00:00,65:12:00 
SINOP,  3.0,2025,09:00:00,18:00:00,64:30:00 
SINOP,  3.0,2026,09:00:00,18:00:00,64:27:00 
ISTANBUL,  2.0,2024,07:00:00,16:00:00,26:06:59 
ISTANBUL,  2.0,2025,07:00:00,16:00:00,25:37:59 
ISTANBUL,  2.0,2026,07:00:00,16:00:00,25:40:59 
ISTANBUL,  2.0,2024,07:30:00,16:30:00,0:00:00  
ISTANBUL,  2.0,2025,07:30:00,16:30:00,0:00:00  
ISTANBUL,  2.0,2026,07:30:00,16:30:00,0:00:00  
ISTANBUL,  2.0,2024,08:00:00,17:00:00,20:43:59 
ISTANBUL,  2.0,2025,08:00:00,17:00:00,20:26:59 
ISTANBUL,  2.0,2026,08:00:00,17:00:00,20:25:59 
ISTANBUL,  2.0,2024,08:30:00,17:30:00,70:38:59 
ISTANBUL,  2.0,2025,08:30:00,17:30:00,69:52:59 
ISTANBUL,  2.0,2026,08:30:00,17:30:00,69:50:59 
ISTANBUL,  2.0,2024,09:00:00,18:00:00,142:22:59
ISTANBUL,  2.0,2025,09:00:00,18:00:00,141:09:59
ISTANBUL,  2.0,2026,09:00:00,18:00:00,141:06:59
ISTANBUL,  2.5,2024,07:00:00,16:00:00,79:41:00 
ISTANBUL,  2.5,2025,07:00:00,16:00:00,78:42:00 
ISTANBUL,  2.5,2026,07:00:00,16:00:00,78:43:00 
ISTANBUL,  2.5,2024,07:30:00,16:30:00,26:07:00 
ISTANBUL,  2.5,2025,07:30:00,16:30:00,25:38:00 
ISTANBUL,  2.5,2026,07:30:00,16:30:00,25:41:00 
ISTANBUL,  2.5,2024,08:00:00,17:00:00,0:00:00  
ISTANBUL,  2.5,2025,08:00:00,17:00:00,0:00:00  
ISTANBUL,  2.5,2026,08:00:00,17:00:00,0:00:00  
ISTANBUL,  2.5,2024,08:30:00,17:30:00,20:43:59 
ISTANBUL,  2.5,2025,08:30:00,17:30:00,20:26:59 
ISTANBUL,  2.5,2026,08:30:00,17:30:00,20:25:59 
ISTANBUL,  2.5,2024,09:00:00,18:00:00,70:38:59 
ISTANBUL,  2.5,2025,09:00:00,18:00:00,69:52:59 
ISTANBUL,  2.5,2026,09:00:00,18:00:00,69:50:59 
ISTANBUL,  3.0,2024,07:00:00,16:00:00,155:48:59
ISTANBUL,  3.0,2025,07:00:00,16:00:00,154:20:59
ISTANBUL,  3.0,2026,07:00:00,16:00:00,154:22:59
ISTANBUL,  3.0,2024,07:30:00,16:30:00,79:40:59 
ISTANBUL,  3.0,2025,07:30:00,16:30:00,78:41:59 
ISTANBUL,  3.0,2026,07:30:00,16:30:00,78:42:59 
ISTANBUL,  3.0,2024,08:00:00,17:00:00,26:06:59 
ISTANBUL,  3.0,2025,08:00:00,17:00:00,25:37:59 
ISTANBUL,  3.0,2026,08:00:00,17:00:00,25:40:59 
ISTANBUL,  3.0,2024,08:30:00,17:30:00,0:00:00  
ISTANBUL,  3.0,2025,08:30:00,17:30:00,0:00:00  
ISTANBUL,  3.0,2026,08:30:00,17:30:00,0:00:00  
ISTANBUL,  3.0,2024,09:00:00,18:00:00,20:43:59 
ISTANBUL,  3.0,2025,09:00:00,18:00:00,20:26:59 
ISTANBUL,  3.0,2026,09:00:00,18:00:00,20:25:59 
ARTVIN,  2.0,2024,07:00:00,16:00:00,11:18:00 
ARTVIN,  2.0,2025,07:00:00,16:00:00,11:14:00 
ARTVIN,  2.0,2026,07:00:00,16:00:00,11:12:00 
ARTVIN,  2.0,2024,07:30:00,16:30:00,54:47:00 
ARTVIN,  2.0,2025,07:30:00,16:30:00,54:14:00 
ARTVIN,  2.0,2026,07:30:00,16:30:00,54:07:59 
ARTVIN,  2.0,2024,08:00:00,17:00:00,120:30:00
ARTVIN,  2.0,2025,08:00:00,17:00:00,119:25:00
ARTVIN,  2.0,2026,08:00:00,17:00:00,119:18:59
ARTVIN,  2.0,2024,08:30:00,17:30:00,207:55:00
ARTVIN,  2.0,2025,08:30:00,17:30:00,206:20:00
ARTVIN,  2.0,2026,08:30:00,17:30:00,206:13:00
ARTVIN,  2.0,2024,09:00:00,18:00:00,318:04:59
ARTVIN,  2.0,2025,09:00:00,18:00:00,316:00:00
ARTVIN,  2.0,2026,09:00:00,18:00:00,315:54:00
ARTVIN,  2.5,2024,07:00:00,16:00:00,3:42:00  
ARTVIN,  2.5,2025,07:00:00,16:00:00,3:35:00  
ARTVIN,  2.5,2026,07:00:00,16:00:00,3:33:00  
ARTVIN,  2.5,2024,07:30:00,16:30:00,11:17:59 
ARTVIN,  2.5,2025,07:30:00,16:30:00,11:13:59 
ARTVIN,  2.5,2026,07:30:00,16:30:00,11:11:59 
ARTVIN,  2.5,2024,08:00:00,17:00:00,54:46:59 
ARTVIN,  2.5,2025,08:00:00,17:00:00,54:13:59 
ARTVIN,  2.5,2026,08:00:00,17:00:00,54:07:59 
ARTVIN,  2.5,2024,08:30:00,17:30:00,120:29:59
ARTVIN,  2.5,2025,08:30:00,17:30:00,119:24:59
ARTVIN,  2.5,2026,08:30:00,17:30:00,119:18:59
ARTVIN,  2.5,2024,09:00:00,18:00:00,207:54:59
ARTVIN,  2.5,2025,09:00:00,18:00:00,206:19:59
ARTVIN,  2.5,2026,09:00:00,18:00:00,206:12:59
ARTVIN,  3.0,2024,07:00:00,16:00:00,39:54:59 
ARTVIN,  3.0,2025,07:00:00,16:00:00,39:17:59 
ARTVIN,  3.0,2026,07:00:00,16:00:00,39:21:00 
ARTVIN,  3.0,2024,07:30:00,16:30:00,3:41:59  
ARTVIN,  3.0,2025,07:30:00,16:30:00,3:34:59  
ARTVIN,  3.0,2026,07:30:00,16:30:00,3:33:00  
ARTVIN,  3.0,2024,08:00:00,17:00:00,11:17:59 
ARTVIN,  3.0,2025,08:00:00,17:00:00,11:13:59 
ARTVIN,  3.0,2026,08:00:00,17:00:00,11:11:59 
ARTVIN,  3.0,2024,08:30:00,17:30:00,54:46:59 
ARTVIN,  3.0,2025,08:30:00,17:30:00,54:13:59 
ARTVIN,  3.0,2026,08:30:00,17:30:00,54:07:59 
ARTVIN,  3.0,2024,09:00:00,18:00:00,120:29:59
ARTVIN,  3.0,2025,09:00:00,18:00:00,119:24:59
ARTVIN,  3.0,2026,09:00:00,18:00:00,119:18:59
HATAY,  2.0,2024,07:00:00,16:00:00,0:00:00  
HATAY,  2.0,2025,07:00:00,16:00:00,0:00:00  
HATAY,  2.0,2026,07:00:00,16:00:00,0:00:00  
HATAY,  2.0,2024,07:30:00,16:30:00,5:35:59  
HATAY,  2.0,2025,07:30:00,16:30:00,5:32:59  
HATAY,  2.0,2026,07:30:00,16:30:00,5:36:59  
HATAY,  2.0,2024,08:00:00,17:00:00,46:45:59 
HATAY,  2.0,2025,08:00:00,17:00:00,46:15:59 
HATAY,  2.0,2026,08:00:00,17:00:00,46:14:59 
HATAY,  2.0,2024,08:30:00,17:30:00,114:04:59
HATAY,  2.0,2025,08:30:00,17:30:00,113:13:59
HATAY,  2.0,2026,08:30:00,17:30:00,113:04:59
HATAY,  2.0,2024,09:00:00,18:00:00,207:40:59
HATAY,  2.0,2025,09:00:00,18:00:00,206:18:59
HATAY,  2.0,2026,09:00:00,18:00:00,206:09:59
HATAY,  2.5,2024,07:00:00,16:00:00,12:03:00 
HATAY,  2.5,2025,07:00:00,16:00:00,11:48:00 
HATAY,  2.5,2026,07:00:00,16:00:00,11:45:00 
HATAY,  2.5,2024,07:30:00,16:30:00,0:00:00  
HATAY,  2.5,2025,07:30:00,16:30:00,0:00:00  
HATAY,  2.5,2026,07:30:00,16:30:00,0:00:00  
HATAY,  2.5,2024,08:00:00,17:00:00,5:35:59  
HATAY,  2.5,2025,08:00:00,17:00:00,5:32:59  
HATAY,  2.5,2026,08:00:00,17:00:00,5:36:59  
HATAY,  2.5,2024,08:30:00,17:30:00,46:45:59 
HATAY,  2.5,2025,08:30:00,17:30:00,46:15:59 
HATAY,  2.5,2026,08:30:00,17:30:00,46:14:59 
HATAY,  2.5,2024,09:00:00,18:00:00,114:04:59
HATAY,  2.5,2025,09:00:00,18:00:00,113:13:59
HATAY,  2.5,2026,09:00:00,18:00:00,113:04:59
HATAY,  3.0,2024,07:00:00,16:00:00,59:56:59 
HATAY,  3.0,2025,07:00:00,16:00:00,59:08:59 
HATAY,  3.0,2026,07:00:00,16:00:00,58:55:59 
HATAY,  3.0,2024,07:30:00,16:30:00,12:02:59 
HATAY,  3.0,2025,07:30:00,16:30:00,11:47:59 
HATAY,  3.0,2026,07:30:00,16:30:00,11:44:59 
HATAY,  3.0,2024,08:00:00,17:00:00,0:00:00  
HATAY,  3.0,2025,08:00:00,17:00:00,0:00:00  
HATAY,  3.0,2026,08:00:00,17:00:00,0:00:00  
HATAY,  3.0,2024,08:30:00,17:30:00,5:35:59  
HATAY,  3.0,2025,08:30:00,17:30:00,5:32:59  
HATAY,  3.0,2026,08:30:00,17:30:00,5:36:59  
HATAY,  3.0,2024,09:00:00,18:00:00,46:45:59 
HATAY,  3.0,2025,09:00:00,18:00:00,46:15:59 
HATAY,  3.0,2026,09:00:00,18:00:00,46:14:59 
EDIRNE,  2.0,2024,07:00:00,16:00:00,43:49:59 
EDIRNE,  2.0,2025,07:00:00,16:00:00,43:08:59 
EDIRNE,  2.0,2026,07:00:00,16:00:00,43:07:59 
EDIRNE,  2.0,2024,07:30:00,16:30:00,5:32:59  
EDIRNE,  2.0,2025,07:30:00,16:30:00,5:22:59  
EDIRNE,  2.0,2026,07:30:00,16:30:00,5:20:59  
EDIRNE,  2.0,2024,08:00:00,17:00:00,11:39:59 
EDIRNE,  2.0,2025,08:00:00,17:00:00,11:34:59 
EDIRNE,  2.0,2026,08:00:00,17:00:00,11:35:59 
EDIRNE,  2.0,2024,08:30:00,17:30:00,55:09:59 
EDIRNE,  2.0,2025,08:30:00,17:30:00,54:30:59 
EDIRNE,  2.0,2026,08:30:00,17:30:00,54:32:59 
EDIRNE,  2.0,2024,09:00:00,18:00:00,120:30:59
EDIRNE,  2.0,2025,09:00:00,18:00:00,119:20:59
EDIRNE,  2.0,2026,09:00:00,18:00:00,119:24:59
EDIRNE,  2.5,2024,07:00:00,16:00:00,105:25:00
EDIRNE,  2.5,2025,07:00:00,16:00:00,104:14:00
EDIRNE,  2.5,2026,07:00:00,16:00:00,104:11:00
EDIRNE,  2.5,2024,07:30:00,16:30:00,43:50:00 
EDIRNE,  2.5,2025,07:30:00,16:30:00,43:09:00 
EDIRNE,  2.5,2026,07:30:00,16:30:00,43:08:00 
EDIRNE,  2.5,2024,08:00:00,17:00:00,5:33:00  
EDIRNE,  2.5,2025,08:00:00,17:00:00,5:23:00  
EDIRNE,  2.5,2026,08:00:00,17:00:00,5:21:00  
EDIRNE,  2.5,2024,08:30:00,17:30:00,11:39:59 
EDIRNE,  2.5,2025,08:30:00,17:30:00,11:34:59 
EDIRNE,  2.5,2026,08:30:00,17:30:00,11:35:59 
EDIRNE,  2.5,2024,09:00:00,18:00:00,55:09:59 
EDIRNE,  2.5,2025,09:00:00,18:00:00,54:30:59 
EDIRNE,  2.5,2026,09:00:00,18:00:00,54:32:59 
EDIRNE,  3.0,2024,07:00:00,16:00:00,189:11:00
EDIRNE,  3.0,2025,07:00:00,16:00:00,187:31:00
EDIRNE,  3.0,2026,07:00:00,16:00:00,187:24:59
EDIRNE,  3.0,2024,07:30:00,16:30:00,105:25:00
EDIRNE,  3.0,2025,07:30:00,16:30:00,104:14:00
EDIRNE,  3.0,2026,07:30:00,16:30:00,104:11:00
EDIRNE,  3.0,2024,08:00:00,17:00:00,43:50:00 
EDIRNE,  3.0,2025,08:00:00,17:00:00,43:09:00 
EDIRNE,  3.0,2026,08:00:00,17:00:00,43:08:00 
EDIRNE,  3.0,2024,08:30:00,17:30:00,5:33:00  
EDIRNE,  3.0,2025,08:30:00,17:30:00,5:23:00  
EDIRNE,  3.0,2026,08:30:00,17:30:00,5:21:00  
EDIRNE,  3.0,2024,09:00:00,18:00:00,11:39:59 
EDIRNE,  3.0,2025,09:00:00,18:00:00,11:34:59 
EDIRNE,  3.0,2026,09:00:00,18:00:00,11:35:59 
HAKKARI,  2.0,2024,07:00:00,16:00:00,9:03:59  
HAKKARI,  2.0,2025,07:00:00,16:00:00,9:00:59  
HAKKARI,  2.0,2026,07:00:00,16:00:00,9:04:59  
HAKKARI,  2.0,2024,07:30:00,16:30:00,52:55:00 
HAKKARI,  2.0,2025,07:30:00,16:30:00,52:18:59 
HAKKARI,  2.0,2026,07:30:00,16:30:00,52:28:59 
HAKKARI,  2.0,2024,08:00:00,17:00:00,121:35:00
HAKKARI,  2.0,2025,08:00:00,17:00:00,120:25:59
HAKKARI,  2.0,2026,08:00:00,17:00:00,120:43:59
HAKKARI,  2.0,2024,08:30:00,17:30:00,215:12:00
HAKKARI,  2.0,2025,08:30:00,17:30:00,213:32:59
HAKKARI,  2.0,2026,08:30:00,17:30:00,213:55:59
HAKKARI,  2.0,2024,09:00:00,18:00:00,335:29:00
HAKKARI,  2.0,2025,09:00:00,18:00:00,333:18:59
HAKKARI,  2.0,2026,09:00:00,18:00:00,333:42:59
HAKKARI,  2.5,2024,07:00:00,16:00:00,0:00:00  
HAKKARI,  2.5,2025,07:00:00,16:00:00,0:00:00  
HAKKARI,  2.5,2026,07:00:00,16:00:00,0:00:00  
HAKKARI,  2.5,2024,07:30:00,16:30:00,9:04:00  
HAKKARI,  2.5,2025,07:30:00,16:30:00,9:01:00  
HAKKARI,  2.5,2026,07:30:00,16:30:00,9:05:00  
HAKKARI,  2.5,2024,08:00:00,17:00:00,52:55:00 
HAKKARI,  2.5,2025,08:00:00,17:00:00,52:19:00 
HAKKARI,  2.5,2026,08:00:00,17:00:00,52:29:00 
HAKKARI,  2.5,2024,08:30:00,17:30:00,121:35:00
HAKKARI,  2.5,2025,08:30:00,17:30:00,120:26:00
HAKKARI,  2.5,2026,08:30:00,17:30:00,120:44:00
HAKKARI,  2.5,2024,09:00:00,18:00:00,215:12:00
HAKKARI,  2.5,2025,09:00:00,18:00:00,213:32:59
HAKKARI,  2.5,2026,09:00:00,18:00:00,213:56:00
HAKKARI,  3.0,2024,07:00:00,16:00:00,15:45:00 
HAKKARI,  3.0,2025,07:00:00,16:00:00,15:22:00 
HAKKARI,  3.0,2026,07:00:00,16:00:00,15:21:00 
HAKKARI,  3.0,2024,07:30:00,16:30:00,0:00:00  
HAKKARI,  3.0,2025,07:30:00,16:30:00,0:00:00  
HAKKARI,  3.0,2026,07:30:00,16:30:00,0:00:00  
HAKKARI,  3.0,2024,08:00:00,17:00:00,9:04:00  
HAKKARI,  3.0,2025,08:00:00,17:00:00,9:01:00  
HAKKARI,  3.0,2026,08:00:00,17:00:00,9:05:00  
HAKKARI,  3.0,2024,08:30:00,17:30:00,52:55:00 
HAKKARI,  3.0,2025,08:30:00,17:30:00,52:19:00 
HAKKARI,  3.0,2026,08:30:00,17:30:00,52:29:00 
HAKKARI,  3.0,2024,09:00:00,18:00:00,121:35:00
HAKKARI,  3.0,2025,09:00:00,18:00:00,120:26:00
HAKKARI,  3.0,2026,09:00:00,18:00:00,120:44:00
